CATEGORY,MODEL,VERSION_OR_ROLE,FILENAME,SHA256,AVAILABILITY,CLASSIFICATION,NOTES
R25,Cudy LT500D V2 R25,stock 2.4.16,LT500V2-R25-2.4.16-20250804-150319-flash.bin,57aed945a9f485d178d73a844e420fc2b441e60821e243d3d19d07dd4a3143d6,IN_FIRMWARE_MASTER,R25_CANONICAL_STOCK,LEDE 17.01.5
R25,Cudy LT500D V2 R25,Candidate47 sysupgrade,RE-OPEN-CUDY-LT500V2-R25-C27-SYSUPGRADE-CANDIDATE-47.bin,8d51bc017a3e275c0ce3a5c05a659a4a3c4f55bb96370d0fabc81f3d1470a060,REFERENCE_ONLY_NOT_AVAILABLE_IN_CURRENT_ARTIFACT_SET,TARGET_FORMAT_VERIFIED,Not boot verified
R25,Cudy LT500D V2 R25,Candidate47 fullflash,RE-OPEN-CUDY-LT500V2-R25-C27-FULLFLASH-CANDIDATE-47.bin,7118cfd798da459fc7d5ea0350501ec4a5bd088e0449d953dabf15929f89694f,REFERENCE_ONLY_NOT_AVAILABLE_IN_CURRENT_ARTIFACT_SET,STATIC_STRUCTURAL,Not boot verified
CSP25,LT300V3 R100,2.5.12,LT300V3-R100-2.5.12-20260518-234632-flash.bin,03641ed863911618155ddb55ed2c45f4c23abd330a4e171bff4491ffcda49a82,REFERENCE_ONLY_UNLESS_PRESENT_IN_FU7_INTERMEDIARY,DONOR_ONLY,Not R25 truth
C200P,C200P R74,2.5.14,C200P-R74-2.5.14-20260618-150931-flash.zip,a4f5f6494bcbdf41bfcd8573a22531fbd2115b5cb2769f5f44da213a900a7e98,IN_FIRMWARE_MASTER,FIRST_PARTY_INTERNAL_UNLISTED,Exact emulator build
C200P,C200P R74,2.5.15,C200P-R74-2.5.15 canonical package,SEE_FIRMWARE_MASTER_SHA_MANIFEST,IN_FIRMWARE_MASTER,FIRST_PARTY_PUBLIC_SUCCESSOR,Near-public delta donor
P2,P2 R91,2.4.22,P2-R91-2.4.22-20251204-184925-sysupgrade.bin,592c494eb5f44beabb427907003801845ea0d47d51db50b1d5b97d40e3166b58,IN_FIRMWARE_MASTER,DONOR_STABLE,Public generation baseline
P2,P2 R91,2.4.29 stable,P2-R91-2.4.29-20260421-190344-sysupgrade.bin,33c9650709eb012348c0d7df31cb3d41ceefbf7d9ca8cebd0b22e0e0524a789c,IN_FIRMWARE_MASTER,DONOR_STABLE,Public event/recovery architecture
P2,P2 R91,2.4.29b beta,P2-R91-2.4.29b-20260422-101502-sysupgrade.bin,3f8dae3d42ad6ba7d1314022eac6bc007d03fac274196b2c802f2835ab21c3f9,IN_FIRMWARE_MASTER,DONOR_BETA,Vodafone/temp narrow delta
P2,P2 modem,RG500 A09,P2_RG500_A09.bin,7402449ddc19db64e42e41031d35b4a36f01e4d8b19219fcf3c4c6def897f52b,IN_FIRMWARE_MASTER,MODEM_ENGINEERING_DONOR,NEVER flash to EC200A
P2,P2 R91,2.4.23b CellularUpgrade,R91-2.4.23b-20251208-CellularUpgrade.bin,9d27fb4535dff565cd8bb632933dc8a583f514bfcb2a027c740ddee0bc4f5f13,IN_FIRMWARE_MASTER,DONOR_BETA_CELLULAR,Reference only
Beta,WR3000,2.4.2 Beta,WR3000-AdBlock-BETA-drive.bin,SEE_FIRMWARE_MASTER_SHA_MANIFEST,IN_FIRMWARE_MASTER,DEV_BETA,Recovered FU7 payload
Belkin,Belkin F9K1103 physical,working reference image,openwrt-19.07.0-ramips-rt3883-belkin_f9k1109v1-squashfs-sysupgrade.bin,b5bf1e194274cd4401969dac145ccfbc90f7b55a9a109253e9a5a5740941118c,IN_FIRMWARE_MASTER,PHYSICAL_HARDWARE_REFERENCE,F9K1109 target image used on F9K1103
Belkin,Belkin F9K1109,OpenWrt 19.07.10,openwrt-19.07.10-belkin_f9k1109v1-sysupgrade.bin,3996ee73ad9965a1f0d4451913ca081e1bfbfc2c1049bd4751d56927cff41ea5,IN_FIRMWARE_MASTER,HARDWARE_REFERENCE,Later 19.07 reference
Cudy donor,WR1000,OpenWrt 19.07.10,openwrt-19.07.10-cudy_wr1000-factory.bin,18434c65cd3084c1c12c67bae39d26064e2dfe95bb2fdf1b85fa07db8e0c6451,IN_FIRMWARE_MASTER,RESOURCE_CLASS_REFERENCE,Not Cudy stock UI
Cudy donor,WR1200 V2 R26,1.17.4,WR1200V2-R26-1.17.4-20240206-085058-flash.zip,SEE_FIRMWARE_MASTER_SHA_MANIFEST,IN_FIRMWARE_MASTER,STOCK_DONOR,LEDE17.01 lineage
Cudy donor,WR1200 V2 R26,2.1.1,WR1200V2-R26-2.1.1-20240418-092852-flash.zip,SEE_FIRMWARE_MASTER_SHA_MANIFEST,IN_FIRMWARE_MASTER,STOCK_DONOR,Local app generation
Cudy donor,WR1200 V2 R26,2.2.8,WR1200V2-R26-2.2.8-20241015-160718-flash.zip,SEE_FIRMWARE_MASTER_SHA_MANIFEST,IN_FIRMWARE_MASTER,STOCK_DONOR,Feature evolution
Cudy donor,WR1200 V2 R26,2.4.12,WR1200V2-R26-2.4.12-20250703-144919-flash.zip,SEE_FIRMWARE_MASTER_SHA_MANIFEST,IN_FIRMWARE_MASTER,PRIMARY_BELKIN_CUDY_UI_DONOR,High LT500D UI overlap
Cudy donor,WR1200 V2 R26,2.4.23,WR1200V2-R26-2.4.23-20251224-145945-flash.zip,SEE_FIRMWARE_MASTER_SHA_MANIFEST,IN_FIRMWARE_MASTER,PRIMARY_BELKIN_CUDY_UI_DONOR,High LT500D UI overlap
Cudy donor,WR1300 R10,1.13.6,WR1300-R10-1.13.6-20220314-112409-flash.zip,SEE_FIRMWARE_MASTER_SHA_MANIFEST,IN_FIRMWARE_MASTER,GIGABIT_FEATURE_DONOR,Switch/router reference
Cudy donor,WR2100 R11,1.14.25,WR2100-R11-1.14.25-20220730-212246-flash.zip,SEE_FIRMWARE_MASTER_SHA_MANIFEST,IN_FIRMWARE_MASTER,GIGABIT_FEATURE_DONOR,Switch/router reference
FU7,Cudy OpenWrt intermediary,multi-model,fu_7-CUDY-OPENWRT-INTERMEDIARY-CLEAN contents,SEE_NESTED_MANIFEST,IN_FIRMWARE_MASTER,RECOVERY_INTERMEDIARY_CORPUS,42 unique binaries documented in FU7
